<?xml version="1.0" encoding="UTF-8"?>
<project-private xmlns="http://www.netbeans.org/ns/project-private/1">
    <editor-bookmarks xmlns="http://www.netbeans.org/ns/editor-bookmarks/2" lastBookmarkId="0"/>
    <open-files xmlns="http://www.netbeans.org/ns/projectui-open-files/2">
        <group>
            <file>file:/C:/Users/Admin/Desktop/invoice%20Generator/invoice%20Generator/src/controller/SelectionController.java</file>
            <file>file:/C:/Users/Admin/Desktop/invoice%20Generator/invoice%20Generator/src/model/InvoiceHeader.java</file>
            <file>file:/C:/Users/Admin/Desktop/invoice%20Generator/invoice%20Generator/src/controller/actionListenerController.java</file>
            <file>file:/C:/Users/Admin/Desktop/invoice%20Generator/invoice%20Generator/src/model/InvoiceHeaderTableModel.java</file>
            <file>file:/C:/Users/Admin/Desktop/invoice%20Generator/invoice%20Generator/src/model/InvoiceItems.java</file>
            <file>file:/C:/Users/Admin/Desktop/invoice%20Generator/invoice%20Generator/src/view/InvoiceHeaderFrame.java</file>
            <file>file:/C:/Users/Admin/Desktop/invoice%20Generator/invoice%20Generator/src/model/ItemsTableModel.java</file>
            <file>file:/C:/Users/Admin/Desktop/invoice%20Generator/invoice%20Generator/src/view/Mainframe.java</file>
            <file>file:/C:/Users/Admin/Desktop/invoice%20Generator/invoice%20Generator/src/view/InvoiceItemFrame.java</file>
        </group>
    </open-files>
</project-private>
